-- Inserindo dados na tabela "Usuario"
INSERT INTO Usuario (Nome, Email, Senha)
VALUES
('Felipe', 'felipe@email.com', 'senha1'),
('Marcio', 'Marcio@email.com', 'senha2'),
('Kacia', 'Kacia@email.com', 'senha3'),
('Renata', 'Renata@email.com', 'senha4'),
('Leandro', 'Leandro@email.com', 'senha5'),
('Daniel', 'Daniel@email.com', 'senha6'),
('Maria', 'Maria@email.com', 'senha7'),
('Joana', 'Joana@email.com', 'senha8'),
('Lucas', 'Lucas@email.com', 'senha9'),
('Waldir', 'Waldir@email.com', 'senha10');

-- Inserindo dados na tabela "Categoria"
INSERT INTO Categoria (Nome, Descricao)
VALUES
--1
('Hardware', 'Computadores, notebooks, telas, etc.'),
--2
('Sistema', 'Sistema ERP e CRM'),
--3
('Login', 'Erros de acesso, troca de senha, etc.'),
--4
('Redes', 'Rede, internet, etc.'),
--5
('Impressão', 'Impressora, scanner, etc.'),
--6
('Softwares', 'Software, sistema operacional, etc.'),
--7
('Financeiro', 'Pagamentos, recebimentos, etc.'),
--8
('Vendas', 'Vendas, pedidos, etc.'),
--9
('Comunicação', 'Telefone, e-mail, etc.'),
--10
('Acesso Externo', 'VPN, acesso remoto, etc.'),
--11
('Perifericos', 'Mouse e teclado, etc.');

-- Inserindo dados na tabela "Chamado"
INSERT INTO Chamado (IdUsuario, Titulo, Descricao, DataEntrega, Prioridade)
VALUES
(1, 'Telefone com problema', 'telefone não sai som', '2023-02-23', 'Alta'),
(2, 'Sistema', 'Sistema ERP, ', '2023-02-15', 'Média'),
(3, 'Chamado 3', 'Venda bloqueada', '2023-03-10', 'Baixa'),
(4, 'Chamado 4', 'Impressora sem fio não conecta', '2023-03-13', 'Alta'),
(5, 'Chamado 5', 'Sistema lento', '2023-03-20', 'Média'),
(6, 'Chamado 6', 'Computador não lê um pendrive', '2023-03-25', 'Baixa'),
(7, 'Chamado 7', 'Teclado não funciona', '2023-04-02', 'Alta'),
(8, 'Chamado 8', 'Monitor desligando de tempos em tempos', '2023-04-10', 'Média'),
(9, 'Chamado 9', 'Computador não liga', '2023-04-12', 'Baixa'),
(10, 'Chamado 10', 'Usuario não loga na vpn', '2023-04-13', 'Alta'),
(2, 'Chamado 11', 'Computador lento', '2023-04-15', 'Média'),
(3, 'Chamado 12', 'Falhas no disco rígido', '2023-04-17', 'Média'),
(3, 'Chamado 13', 'Problemas de memória RAM', '2023-04-18', 'Média'),
(4, 'Chamado 14', 'Superaquecimento do CPU', '2023-04-19', 'Média'),
(5, 'Chamado 15', 'Placa de vídeo defeituosa', '2023-04-20', 'Média'),
(6, 'Chamado 16', 'Problemas na placa-mãe', '2023-04-21', 'Média'),
(7, 'Chamado 17', 'Tela defeituosa', '2023-04-29', 'Média'),
(8, 'Chamado 18', 'Tela defeituosa', '2023-04-29', 'Média'),
(9, 'Chamado 19', 'Bateria esgotada', '2023-05-01', 'Média'),
(10, 'Chamado 20', 'Teclado ou touchpad defeituosos', '2023-05-02', 'Média'),
(10, 'Chamado 21', 'Tempo de esgotamento da sessão', '2023-07-01', 'Média'),
(10, 'Chamado 22', 'Conexão da VPN é rejeitada', '2023-08-05', 'Média'),
(10, 'Chamado 23', 'Problemas ao estabelecer conexão com o computador remoto', '2023-05-05', 'Alta'),
(8, 'Chamado 24', 'Falha ao processar à venda', '2023-09-09', 'Alta'),
(2, 'Chamado 25', 'Descentralização de dados', '2023-09-18', 'Alta'),
(6, 'Chamado 26', 'Versão não suportada pelo fabricante', '2023-04-03', 'Alta'),
(6, 'Chamado 27', 'Falha na criptografia', '2023-05-01', 'Alta'),
(1, 'Chamado 28', 'Erros de inicialização', '2023-02-01', 'Alta'),
(1, 'Chamado 29', 'Tela azul da morte', '2023-07-02', 'Alta'),
(4, 'Chamado 30', 'Conexão instável', '2023-08-01', 'Média'),
(10, 'Chamado 31', 'Conexões de rede defeituosas', '2023-05-02', 'Média'),
(9, 'Chamado 32', 'Problemas de alimentação', '2023-05-03', 'Alta'),
(8, 'Chamado 33', 'Problemas de alimentação', '2023-05-03', 'Média'),
(8, 'Chamado 34', 'Falhas no disco rígido', '2023-05-05', 'Alta'),
(8, 'Chamado 35', 'Falhas no disco rígido', '2023-05-05', 'Alta'),
(7, 'Chamado 36', 'Superaquecimento do CPU', '2023-05-05', 'Alta'),
(6, 'Chamado 37', 'Superaquecimento do CPU', '2023-05-05', 'Alta'),
(6, 'Chamado 38', 'Problemas na placa-mãe', '2023-05-08', 'Baixa'),
(6, 'Chamado 39', 'Teclado ou touchpad defeituosos', '2023-05-09', 'Baixa'),
(5, 'Chamado 40', 'Problemas na placa-mãe', '2023-05-10', 'Baixa'),
(5, 'Chamado 41', 'Integração incompleta', '2023-04-11', 'Alta'),
(5, 'Chamado 42', 'Desempenho lento', '2023-04-15', 'Baixa'),
(4, 'Chamado 43', 'Falhas na atualização de dados', '2023-04-15', 'Baixa'),
(3, 'Chamado 44', 'Problemas de segurança', '2023-04-18', 'Baixa'),
(3, 'Chamado 45', 'Complexidade na personalização', '2023-04-18', 'Baixa'),
(3, 'Chamado 46', 'Dados inconsistentes', '2023-04-18', 'Baixa'),
(3, 'Chamado 47', 'Falta de adoção pelos usuários', '2023-04-18', 'Baixa'),
(2, 'Chamado 48', 'Falta de integração com outros sistemas', '2023-04-19', 'Média'),
(2, 'Chamado 49', 'Ausência de recursos de análise avançada', '2023-04-19', 'Média'),
(2, 'Chamado 50', 'Problemas de escalabilidade', '2023-04-19', 'Média'),
(1, 'Chamado 51', 'Login invalido', '2023-04-22', 'Baixa'),
(1, 'Chamado 52', 'Login invalido', '2023-04-23', 'Média'),
(1, 'Chamado 53', 'senha incorreta', '2023-04-23', 'Baixa'),
(1, 'Chamado 54', 'senha incorreta', '2023-04-01', 'Baixa'),
(10, 'Chamado 55', 'troca de senha', '2023-04-01', 'Baixa'),
(10, 'Chamado 56', 'troca de senha', '2023-04-02', 'Alta'),
(10, 'Chamado 57', 'troca de senha', '2023-04-010', 'Baixa'),
(10, 'Chamado 58', 'Erros de acesso', '2023-04-010', 'Baixa'),
(9, 'Chamado 59', 'Erros de acesso', '2023-04-11', 'Baixa'),
(9, 'Chamado 60', 'Erros de acesso', '2023-04-11', 'Média');

-- Inserindo dados na tabela "CategoriaChamado"
INSERT INTO CategoriaChamado (IdChamado, IdCategoria)
VALUES
(1, 1),
(2, 2),
(3, 3),
(4, 4),
(5, 5),
(6, 6),
(7, 7),
(8, 8),
(9, 9),
(10, 10),
(11, 4),
(12,1),
(13,1),
(14,1),
(15,1),
(16,1),
(17,1),
(18,1),
(19,1),
(20,1),
(21,10),
(22,10),
(23,10),
(24,8),
(25,2),
(26,6),
(27,6),
(28,1),
(29,1),
(30,4),
(31,1),
(32,1),
(33,1),
(34,1),
(35,1),
(36,1),
(37,1),
(38,1),
(39,1),
(40,1),
(41,2),
(42,2),
(43,2),
(44,2),
(45,2),
(46,2),
(47,2),
(48,2),
(49,2),
(50,2),
(51,3),
(52,3),
(53,3),
(54,3),
(55,3),
(56,3),
(57,3),
(58,3),
(59,3),
(60,3);


-- Inserindo dados na tabela "Status"
INSERT INTO Status (IdChamado, HorarioLembrete, Status)
VALUES
(1, '2023-02-26', 'Em progresso'), 
(2, '2023-02-18', 'Aguardando'),
(3, '2023-03-13', 'Concluído'),
(4, '2023-03-16', 'Em progresso'),
(5, '2023-03-23', 'Aguardando'),
(6, NOW(), 'Concluído'),
(7, NOW(), 'Em progresso'),
(8, NOW(), 'Aguardando'),
(9, NOW(), 'Concluído'),
(10, NOW(), 'Em progresso'),
(11, '2023-04-14', 'Concluído'),
(12, '2023-04-14', 'Em progresso'),
(13, '2023-04-14', 'Aguardando'),
(14, '2023-04-19', 'Concluído'),
(15, '2023-04-19', 'Em progresso'),
(16, '2023-04-21', 'Aguardando'),
(17, '2023-04-28', 'Concluído'),
(18, '2023-04-28', 'Em progresso'),
(19, '2023-05-01', 'Aguardando'),
(20, '2023-05-02', 'Concluído'),
(21, '2023-07-03', 'Aguardando'),
(22, '2023-08-06', 'Concluído'),
(23, '2023-05-06', 'Aguardando'),
(24, '2023-09-10', 'Em aberto'),
(25, '2023-09-20', 'Aguardando'),
(26, '2023-04-05', 'Em progresso'),
(27, '2023-05-02', 'Aguardando'),
(28, '2023-02-01', 'Em progresso'),
(29, '2023-07-03', 'Aguardando'),
(30, '2023-08-01', 'Concluído'),
(31, '2023-05-01', 'Em aberto'),
(31, '2023-05-01', 'Em progresso'),
(32, '2023-05-02', 'Em progresso'),
(33, '2023-05-03', 'Em aberto'),
(34, '2023-05-04', 'Concluido'),
(35, '2023-05-04', 'Em aberto'),
(36, '2023-05-04', 'Em aberto'),
(37, '2023-05-05', 'Concluido'),
(38, '2023-05-05', 'Em aberto'),
(39, '2023-05-06', 'Em progresso'),
(40, '2023-05-07', 'Em progresso'),
(41, '2023-05-08', 'Em progresso'),
(42, '2023-05-09', 'Em progresso'),
(43, '2023-05-10', 'Concluido'),
(44, '2023-05-10', 'Em progresso'),
(45, '2023-05-11', 'Em progresso'),
(46, '2023-05-11', 'Concluido'),
(47, '2023-05-12', 'Em progresso'),
(48, '2023-05-12', 'Em progresso'),
(49, '2023-05-13', 'Concluido'),
(50, '2023-05-13', 'Em progresso'),
(51, '2023-05-14', 'Em progresso'),
(52, '2023-05-15', 'Concluido'),
(53, '2023-05-18', 'Em aberto'),
(54, '2023-05-19', 'Em progresso'),
(55, '2023-05-21', 'Em progresso'),
(56, '2023-06-21', 'Concluido'),
(57, '2023-06-21', 'Em progresso'),
(58, '2023-06-22', 'Em progresso'),
(59, '2023-08-23', 'Aguardando'),
(60, '2023-08-10', 'Concluído');



-- Inserindo dados na tabela "Mensagem"
INSERT INTO Mensagem (IdChamado, IdUsuario, TextoComentario, CriadoEm)
VALUES
(1, 1, 'Problema com telefone', '2023-02-23'),
(2, 2, 'Sistema trava na tela de login', '2023-02-15'),
(3, 3, 'Cliente com crédito bloqueado','2023-03-10'),
(4, 4, 'Impressora sem fio não conecta','2023-03-13'),
(5, 5, 'O sistema demora pra responder quando está na tela de orçamento','2023-03-20'),
(6, 6, 'O computador bloqueia meu pendrive com as planilhas de venda',NOW()),
(7, 7, 'Teclado usb não funciona em nenhuma entrada',NOW()),
(8, 8, 'Monitor desliga no meio do atendimento a cada meia hora',NOW()),
(9, 9, 'Computador não da sinal de energia e não liga',NOW()),
(10, 10, 'Usuario está com o login bloqueado na vpn', NOW()),
(11, 2, 'Demora muito para inicializar o sistema', '2023-04-17'),
(12, 9, 'Computador trava na copia de arquivos', '2023-05-27'),
(13, 3, 'Computador dá tela azul constantemente', '2023-04-18'),
(14, 4, 'Computador reinicia sozinho', '2023-04-19'),
(15, 5, 'Imagem com cores distorcidas', '2023-04-20'),
(16, 6, 'Queda de energia pode ter queimado a placa-mae', '2023-04-19'),
(17, 7, 'Tela não ajusta o foco e fica embassada', '2023-04-30'),
(18, 8, 'Tela escurece e a luz fica fraca', '2023-04-30'),
(19, 9, 'Notificacao de bateria esgotada mesmo estando a 100%', '2023-05-03'),
(20, 10, 'Algumas teclas não funcionam e o touchpad perde precisão', '2023-05-27'),
(21, 10, 'Problemas com tempo esgotado da sessão', '2023-07-04'),
(22, 10, 'A conexão VPN é rejeitada', '2023-08-08'),
(23, 10, 'Não é possível estabelecer uma conexão com o computador remoto', '2023-05-08'),
(24, 8, 'Venda não pode ser processada', '2023-09-12'),
(25, 2, 'Base de dados descentralizados', '2023-09-21'),
(26, 6, 'Versão do software não é mais suportada pelo fabricante', '2023-04-07'),
(27, 6, 'Falhas na criptografia', '2023-05-04'),
(28, 1, 'Erros de boot', '2023-02-04'),
(29, 1, 'Problema na tela', '2023-07-05'),
(30, 4, 'Conexão caindo toda hora', '2023-08-04'),
(31, 10, 'Sistema trava na tela de login', '2023-02-15'),
(32, 9, 'Cliente com crédito bloqueado','2023-03-10'),
(33, 8, 'Impressora sem fio não conecta','2023-03-13'),
(34, 8, 'O sistema demora pra responder quando está na tela de orçamento','2023-03-20'),
(35, 8, 'O computador bloqueia meu pendrive com as planilhas de venda',NOW()),
(36, 7, 'Teclado usb não funciona em nenhuma entrada',NOW()),
(37, 6, 'Monitor desliga no meio do atendimento a cada meia hora',NOW()),
(38, 6, 'Computador não da sinal de energia e não liga',NOW()),
(39, 6, 'Usuario está com o login bloqueado na vpn', NOW()),
(40, 5, 'Demora muito para inicializar o sistema', '2023-04-17'),
(41, 5, 'Internet não funciona', '2023-05-27'),
(42, 5, 'Computador dá tela azul constantemente', '2023-04-21'),
(43, 4, 'Computador travado', '2023-05-27'),
(44, 3, 'Computador não liga', '2023-05-27'),
(45, 3, 'Computador não desliga', '2023-05-27'),
(46, 3, 'Computador não liga', '2023-05-27'),
(47, 3, 'Computador não da video', '2023-05-27'),
(48, 2, 'Computador não liga', '2023-05-27'),
(49, 2, 'Computador lento', '2023-05-27'),
(50, 2, 'Problemas com tempo esgotado da sessão', '2023-07-04'),
(51, 1, 'A conexão VPN é rejeitada', '2023-08-08'),
(52, 1, 'Não é possível estabelecer uma conexão com o computador remoto', '2023-05-08'),
(53, 1, 'Venda não pode ser processada', '2023-09-12'),
(54, 1, 'Base de dados descentralizados', '2023-09-21'),
(55, 10, 'Versão do software não é mais suportada pelo fabricante', '2023-04-07'),
(56, 10, 'Falhas na criptografia', '2023-05-04'),
(57, 10, 'Erros de boot', '2023-02-04'),
(58, 10, 'Problema na tela', '2023-07-05'),
(59, 9, 'Conexão caindo toda hora', '2023-08-04'),
(60, 9, 'Credencial não reconhecida, fale com o gerente da rede', '2023-04-15');